url,title,description,category
https://svgco.de/,SVGcode,"Client-side PNG/JPG to SVG vector converter (Wasm PWA)",Image & Design Tools
https://www.photopea.com/,Photopea,"Browser-based image editor with PSD support, layers, masks, vectors, and common raster formats",Image & Design Tools
https://inkscape.org/,Inkscape,"Open-source vector graphics editor for SVG, illustration, diagrams, and design",Image & Design Tools
https://ezgif.com/,EZGIF,"GIF maker, cropper, optimizer, and video-to-GIF converter",Image & Design Tools
https://unsplash.com/,Unsplash,"High-resolution stock photo library",Reference & Media Assets
https://freesound.org/people/ATP2-kh/,Freesound (ATP2-kh),"Personal repository of uploaded audio samples and sound clips",Reference & Media Assets
https://www.reddit.com/r/Piracy/wiki/megathread/,r/Piracy Megathread,"Vetted index of software, media, privacy tools, and digital resources",Reference & Media Assets
https://cobalt.tools/,cobalt,"Privacy-first, ad-free video and audio downloader",Media & Playlist Utilities
https://twittervideodownloader.com/,Twitter Video Downloader,"Direct MP4/GIF downloader for Twitter/X links",Media & Playlist Utilities
https://www.chosic.com/spotify-playlist-exporter/,Chosic Spotify Playlist Exporter,"Export Spotify playlists to CSV or plain text",Media & Playlist Utilities
https://teachers-playground.ai.studio/,Teacher's Playground,"Personal sandbox for educational AI tools and experiments",AI & Research Workspaces
https://aistudio.google.com/,Google AI Studio,"Gemini developer workspace for prompting, prototyping, and API access",AI & Research Workspaces
https://goblin.tools/,goblin.tools,"Small AI utilities for task breakdown, rewriting, estimation, and tone",AI & Research Workspaces
https://notebook.google/,Gemini Notebook,"Source-grounded AI research notebook formerly known as NotebookLM",AI & Research Workspaces
https://chat.z.ai/,Z.ai,"Web-based AI chatbot and agent workspace powered by GLM models",AI & Research Workspaces
https://code.visualstudio.com/,Visual Studio Code,"Extensible cross-platform code editor with debugging, Git, terminal, extensions, and agent tooling",Development Tools
https://love2d.org/,LÖVE (Love2D),"Open-source 2D game development framework in Lua",Game Development & Creative Coding
https://godotengine.org/,Godot,"Open-source 2D and 3D game engine with GDScript, C#, and cross-platform export",Game Development & Creative Coding
https://scratch.mit.edu/,Scratch,"Block-based programming and creative coding environment for games, animation, and interactive projects",Game Development & Creative Coding
https://www.voidtools.com/,Everything,"Extremely fast filename and folder search utility for Windows",File Management & Sync
https://syncthing.net/,Syncthing,"Peer-to-peer continuous file synchronization across your own devices",File Management & Sync
https://rclone.org/,rclone,"Command-line file synchronization and transfer tool supporting cloud and remote storage",File Management & Sync
https://gotosocial.org/,GoToSocial,"Lightweight ActivityPub social server compatible with Mastodon clients",Fediverse & Social Tools
